PRAGMA foreign_keys=OFF;
BEGIN TRANSACTION;
COMMIT;
PRAGMA foreign_keys=OFF;
BEGIN TRANSACTION;
CREATE TABLE IF NOT EXISTS "django_migrations" ("id" integer NOT NULL PRIMARY KEY AUTOINCREMENT, "app" varchar(255) NOT NULL, "name" varchar(255) NOT NULL, "applied" datetime NOT NULL);
INSERT INTO django_migrations VALUES(1,'store','0001_initial','2022-12-04 15:26:24.713741');
INSERT INTO django_migrations VALUES(2,'store','0002_alter_store_options','2022-12-04 15:26:24.760192');
INSERT INTO django_migrations VALUES(3,'storage','0001_initial','2022-12-04 15:26:24.807041');
INSERT INTO django_migrations VALUES(4,'good','0001_initial','2022-12-04 15:26:24.863211');
INSERT INTO django_migrations VALUES(5,'good','0002_good_image_link_alter_good_artikul_and_more','2022-12-04 15:26:24.930006');
INSERT INTO django_migrations VALUES(6,'good','0003_alter_good_buy_amount','2022-12-04 15:26:24.991081');
INSERT INTO django_migrations VALUES(7,'contenttypes','0001_initial','2022-12-04 15:26:25.034977');
INSERT INTO django_migrations VALUES(8,'contenttypes','0002_remove_content_type_name','2022-12-04 15:26:25.092093');
INSERT INTO django_migrations VALUES(9,'auth','0001_initial','2022-12-04 15:26:25.359524');
INSERT INTO django_migrations VALUES(10,'auth','0002_alter_permission_name_max_length','2022-12-04 15:26:25.414648');
INSERT INTO django_migrations VALUES(11,'auth','0003_alter_user_email_max_length','2022-12-04 15:26:25.477766');
INSERT INTO django_migrations VALUES(12,'auth','0004_alter_user_username_opts','2022-12-04 15:26:25.523067');
INSERT INTO django_migrations VALUES(13,'auth','0005_alter_user_last_login_null','2022-12-04 15:26:25.567044');
INSERT INTO django_migrations VALUES(14,'auth','0006_require_contenttypes_0002','2022-12-04 15:26:25.608608');
INSERT INTO django_migrations VALUES(15,'auth','0007_alter_validators_add_error_messages','2022-12-04 15:26:25.658837');
INSERT INTO django_migrations VALUES(16,'auth','0008_alter_user_username_max_length','2022-12-04 15:26:25.703740');
INSERT INTO django_migrations VALUES(17,'auth','0009_alter_user_last_name_max_length','2022-12-04 15:26:25.749531');
INSERT INTO django_migrations VALUES(18,'auth','0010_alter_group_name_max_length','2022-12-04 15:26:25.796642');
INSERT INTO django_migrations VALUES(19,'auth','0011_update_proxy_permissions','2022-12-04 15:26:25.854683');
INSERT INTO django_migrations VALUES(20,'auth','0012_alter_user_first_name_max_length','2022-12-04 15:26:25.898372');
INSERT INTO django_migrations VALUES(21,'account','0001_initial','2022-12-04 15:26:26.006083');
INSERT INTO django_migrations VALUES(22,'store','0003_store_storage_history','2022-12-04 15:26:26.119502');
INSERT INTO django_migrations VALUES(23,'store','0004_alter_store_unique_together_alter_store_full_address_and_more','2022-12-04 15:26:26.211776');
INSERT INTO django_migrations VALUES(24,'store','0005_alter_history_options','2022-12-04 15:26:26.273706');
INSERT INTO django_migrations VALUES(25,'account','0002_remove_user_test_user_role','2022-12-04 15:26:26.335432');
INSERT INTO django_migrations VALUES(26,'account','0003_user_is_user_allow_to_dashboard','2022-12-04 15:26:26.406923');
INSERT INTO django_migrations VALUES(27,'account','0004_user_accepted_store','2022-12-04 15:26:26.505827');
INSERT INTO django_migrations VALUES(28,'admin','0001_initial','2022-12-04 15:26:26.619044');
INSERT INTO django_migrations VALUES(29,'admin','0002_logentry_remove_auto_add','2022-12-04 15:26:26.674138');
INSERT INTO django_migrations VALUES(30,'admin','0003_logentry_add_action_flag_choices','2022-12-04 15:26:26.742671');
INSERT INTO django_migrations VALUES(31,'sessions','0001_initial','2022-12-04 15:26:26.845530');
CREATE TABLE IF NOT EXISTS "storage_storage" ("id" integer NOT NULL PRIMARY KEY AUTOINCREMENT, "shortcut" varchar(20) NOT NULL, "full_address" varchar(100) NOT NULL);
INSERT INTO storage_storage VALUES(1,'Москва','Москва, ул. Московскай, п. 53');
INSERT INTO storage_storage VALUES(2,'Екатеринбург','г. Екатеринбург, ул. Ленина, п. 2');
INSERT INTO storage_storage VALUES(3,'Вашингтон','Вашингтон, уол стрит');
CREATE TABLE IF NOT EXISTS "good_good" ("id" integer NOT NULL PRIMARY KEY AUTOINCREMENT, "artikul" integer unsigned NULL UNIQUE CHECK ("artikul" >= 0), "title" varchar(20) NOT NULL, "description" text NOT NULL, "price" integer unsigned NOT NULL CHECK ("price" >= 0), "image_link" varchar(200) NOT NULL, "buy_amount" integer unsigned NULL CHECK ("buy_amount" >= 0));
INSERT INTO good_good VALUES(1,971103,'Кружка','Кружка подарок, рассвет',84,'https://toomanygifts.ru/upload/iblock/521/5218551645f0f0a94af9348f06d52551.jpg',22);
INSERT INTO good_good VALUES(2,789352,'Кольцо модное','Кольцо мужское на палец, современное',599,'https://avatars.mds.yandex.net/i?id=9b2d3da022b90124d50e459accc0adff1fc68218-5599693-images-thumbs&n=13&exp=1',22);
INSERT INTO good_good VALUES(3,121925,'BMW','BMW желтая, крутая, немецкая',3200000,'https://avatars.mds.yandex.net/i?id=f71149c5331e81cf3ff42385b090de6418a74c80-5219442-images-thumbs&n=13&exp=1',7);
INSERT INTO good_good VALUES(4,606497,'Админка этого сайта','Получить админку для модерации и руководства данным сайтом',999999999,'https://cdn4.iconfinder.com/data/icons/project-management-6-2/65/256-1024.png',0);
INSERT INTO good_good VALUES(5,108341,'Парфюм мужской','Мужской парфюм из Италии, подойдет для подарка',1500,'https://avatars.mds.yandex.net/i?id=9f6832190222a24bc5ff8280a09f3373-5219346-images-thumbs&n=13&exp=1',45);
INSERT INTO good_good VALUES(6,893877,'Квадрокоптер','Квадрокоптер универсальный, дистанционный, 2 суток зарядки',35000,'https://avatars.mds.yandex.net/i?id=e968b289107a59e1326d0417b3125aff_l-5176960-images-thumbs&n=13',6);
INSERT INTO good_good VALUES(7,691942,'Ручка','Синяя ручка, 10 штук',215,'https://avatars.mds.yandex.net/i?id=2a00000179e427f5b3fbabf124c25d30d8f0-3510031-images-thumbs&n=13&exp=1',20);
INSERT INTO good_good VALUES(8,757985,'Наушники игровые','Стримерские игровые наушники, гарнитура, ушки',7999,'https://avatars.mds.yandex.net/i?id=14aaebb2f73ad78b9d57040ba9f24dd4-6202880-images-thumbs&n=13&exp=1',23);
INSERT INTO good_good VALUES(9,396418,'Зонт','Зонтик, дождь, не намокнете, женский',1500,'https://avatars.mds.yandex.net/i?id=99fabb6b47f338e58021eb8a360b69d63c9894a4-5219049-images-thumbs&n=13&exp=1',106);
INSERT INTO good_good VALUES(10,333171,'Ноутбук Lenovo','Lenovo notebook, green, blue, black, 16 ГБ RAM',29999,'https://abakan.abc.ru/upload/resize/presets/f1cc33b536f5/gallery/ew/o8/1569591861.6444ewo8hsnpwihfjurb-ym0vbuefucrchszqg58.jpg',57);
INSERT INTO good_good VALUES(11,819642,'Баскетбольный мяч','Спортивный мяч для баскетбола',3000,'https://ae04.alicdn.com/kf/Hfabef27b17694a4aa0d597ee208d7953E/-.jpg',158);
CREATE TABLE IF NOT EXISTS "django_content_type" ("id" integer NOT NULL PRIMARY KEY AUTOINCREMENT, "app_label" varchar(100) NOT NULL, "model" varchar(100) NOT NULL);
INSERT INTO django_content_type VALUES(1,'admin','logentry');
INSERT INTO django_content_type VALUES(2,'auth','permission');
INSERT INTO django_content_type VALUES(3,'auth','group');
INSERT INTO django_content_type VALUES(4,'contenttypes','contenttype');
INSERT INTO django_content_type VALUES(5,'sessions','session');
INSERT INTO django_content_type VALUES(6,'account','user');
INSERT INTO django_content_type VALUES(7,'store','store');
INSERT INTO django_content_type VALUES(8,'store','history');
INSERT INTO django_content_type VALUES(9,'good','good');
INSERT INTO django_content_type VALUES(10,'storage','storage');
CREATE TABLE IF NOT EXISTS "auth_group_permissions" ("id" integer NOT NULL PRIMARY KEY AUTOINCREMENT, "group_id" integer NOT NULL REFERENCES "auth_group" ("id") DEFERRABLE INITIALLY DEFERRED, "permission_id" integer NOT NULL REFERENCES "auth_permission" ("id") DEFERRABLE INITIALLY DEFERRED);
CREATE TABLE IF NOT EXISTS "auth_permission" ("id" integer NOT NULL PRIMARY KEY AUTOINCREMENT, "content_type_id" integer NOT NULL REFERENCES "django_content_type" ("id") DEFERRABLE INITIALLY DEFERRED, "codename" varchar(100) NOT NULL, "name" varchar(255) NOT NULL);
INSERT INTO auth_permission VALUES(1,1,'add_logentry','Can add log entry');
INSERT INTO auth_permission VALUES(2,1,'change_logentry','Can change log entry');
INSERT INTO auth_permission VALUES(3,1,'delete_logentry','Can delete log entry');
INSERT INTO auth_permission VALUES(4,1,'view_logentry','Can view log entry');
INSERT INTO auth_permission VALUES(5,2,'add_permission','Can add permission');
INSERT INTO auth_permission VALUES(6,2,'change_permission','Can change permission');
INSERT INTO auth_permission VALUES(7,2,'delete_permission','Can delete permission');
INSERT INTO auth_permission VALUES(8,2,'view_permission','Can view permission');
INSERT INTO auth_permission VALUES(9,3,'add_group','Can add group');
INSERT INTO auth_permission VALUES(10,3,'change_group','Can change group');
INSERT INTO auth_permission VALUES(11,3,'delete_group','Can delete group');
INSERT INTO auth_permission VALUES(12,3,'view_group','Can view group');
INSERT INTO auth_permission VALUES(13,4,'add_contenttype','Can add content type');
INSERT INTO auth_permission VALUES(14,4,'change_contenttype','Can change content type');
INSERT INTO auth_permission VALUES(15,4,'delete_contenttype','Can delete content type');
INSERT INTO auth_permission VALUES(16,4,'view_contenttype','Can view content type');
INSERT INTO auth_permission VALUES(17,5,'add_session','Can add session');
INSERT INTO auth_permission VALUES(18,5,'change_session','Can change session');
INSERT INTO auth_permission VALUES(19,5,'delete_session','Can delete session');
INSERT INTO auth_permission VALUES(20,5,'view_session','Can view session');
INSERT INTO auth_permission VALUES(21,6,'add_user','Can add user');
INSERT INTO auth_permission VALUES(22,6,'change_user','Can change user');
INSERT INTO auth_permission VALUES(23,6,'delete_user','Can delete user');
INSERT INTO auth_permission VALUES(24,6,'view_user','Can view user');
INSERT INTO auth_permission VALUES(25,7,'add_store','Can add Магазин');
INSERT INTO auth_permission VALUES(26,7,'change_store','Can change Магазин');
INSERT INTO auth_permission VALUES(27,7,'delete_store','Can delete Магазин');
INSERT INTO auth_permission VALUES(28,7,'view_store','Can view Магазин');
INSERT INTO auth_permission VALUES(29,8,'add_history','Can add История покупок');
INSERT INTO auth_permission VALUES(30,8,'change_history','Can change История покупок');
INSERT INTO auth_permission VALUES(31,8,'delete_history','Can delete История покупок');
INSERT INTO auth_permission VALUES(32,8,'view_history','Can view История покупок');
INSERT INTO auth_permission VALUES(33,9,'add_good','Can add Товар');
INSERT INTO auth_permission VALUES(34,9,'change_good','Can change Товар');
INSERT INTO auth_permission VALUES(35,9,'delete_good','Can delete Товар');
INSERT INTO auth_permission VALUES(36,9,'view_good','Can view Товар');
INSERT INTO auth_permission VALUES(37,10,'add_storage','Can add storage');
INSERT INTO auth_permission VALUES(38,10,'change_storage','Can change storage');
INSERT INTO auth_permission VALUES(39,10,'delete_storage','Can delete storage');
INSERT INTO auth_permission VALUES(40,10,'view_storage','Can view storage');
CREATE TABLE IF NOT EXISTS "auth_group" ("id" integer NOT NULL PRIMARY KEY AUTOINCREMENT, "name" varchar(150) NOT NULL UNIQUE);
CREATE TABLE IF NOT EXISTS "account_user_groups" ("id" integer NOT NULL PRIMARY KEY AUTOINCREMENT, "user_id" bigint NOT NULL REFERENCES "account_user" ("id") DEFERRABLE INITIALLY DEFERRED, "group_id" integer NOT NULL REFERENCES "auth_group" ("id") DEFERRABLE INITIALLY DEFERRED);
CREATE TABLE IF NOT EXISTS "account_user_user_permissions" ("id" integer NOT NULL PRIMARY KEY AUTOINCREMENT, "user_id" bigint NOT NULL REFERENCES "account_user" ("id") DEFERRABLE INITIALLY DEFERRED, "permission_id" integer NOT NULL REFERENCES "auth_permission" ("id") DEFERRABLE INITIALLY DEFERRED);
CREATE TABLE IF NOT EXISTS "store_history" ("id" integer NOT NULL PRIMARY KEY AUTOINCREMENT, "date" datetime NOT NULL, "good_id" bigint NULL REFERENCES "good_good" ("id") DEFERRABLE INITIALLY DEFERRED, "store_id" bigint NULL REFERENCES "store_store" ("id") DEFERRABLE INITIALLY DEFERRED, "user_id" bigint NULL REFERENCES "account_user" ("id") DEFERRABLE INITIALLY DEFERRED);
INSERT INTO store_history VALUES(1,'2022-12-04 18:56:07.759643',10,2,1);
INSERT INTO store_history VALUES(2,'2022-12-04 19:02:39.270092',11,2,1);
INSERT INTO store_history VALUES(3,'2022-12-04 20:59:14.623036',1,2,3);
INSERT INTO store_history VALUES(4,'2022-12-04 21:25:46.635505',11,3,3);
INSERT INTO store_history VALUES(5,'2022-12-04 21:25:55.628416',10,3,3);
INSERT INTO store_history VALUES(6,'2022-12-04 21:25:56.607118',10,3,3);
INSERT INTO store_history VALUES(7,'2022-12-04 21:29:02.260265',3,4,4);
CREATE TABLE IF NOT EXISTS "store_store" ("id" integer NOT NULL PRIMARY KEY AUTOINCREMENT, "city" varchar(50) NOT NULL, "description" text NOT NULL, "storage_id" bigint NULL REFERENCES "storage_storage" ("id") DEFERRABLE INITIALLY DEFERRED, "full_address" varchar(200) NOT NULL UNIQUE);
INSERT INTO store_store VALUES(1,'Балашиха №1','В ЖК Пушкина, на углу рядом с КБ',1,'Балашиха, ул. Кукушкина, д. 1, п. 3');
INSERT INTO store_store VALUES(2,'Сургут №1','Клевый первый магазин в Сургуте',2,'Сургут, ул. Паленова, д. 6');
INSERT INTO store_store VALUES(3,'Нью-Йорк №1','Первый магазин для американцев',3,'Нью-Йорк, ул. Revolution, 3');
INSERT INTO store_store VALUES(4,'Балашиха №2','Второй магазин города Балашиха',1,'Балашиха, ул. Кукушкина, д. 3, п. 7');
CREATE TABLE IF NOT EXISTS "account_user" ("id" integer NOT NULL PRIMARY KEY AUTOINCREMENT, "password" varchar(128) NOT NULL, "last_login" datetime NULL, "is_superuser" bool NOT NULL, "username" varchar(150) NOT NULL UNIQUE, "first_name" varchar(150) NOT NULL, "last_name" varchar(150) NOT NULL, "email" varchar(254) NOT NULL, "is_staff" bool NOT NULL, "is_active" bool NOT NULL, "date_joined" datetime NOT NULL, "role" varchar(2) NOT NULL, "is_user_allow_to_dashboard" bool NOT NULL, "accepted_store_id" bigint NULL REFERENCES "store_store" ("id") DEFERRABLE INITIALLY DEFERRED);
INSERT INTO account_user VALUES(1,'pbkdf2_sha256$390000$2BuEgt2Bc88MySpTNLROpc$TZN41QUh7TFfrK8vrz3pqkPCdiRpQHmMpSJ/vk9zdTU=','2022-12-04 21:29:08.961956',1,'admin','','','admin@admin.ru',1,1,'2022-12-04 17:18:53.573000','CL',1,2);
INSERT INTO account_user VALUES(3,'pbkdf2_sha256$390000$NRVr0VldOuLrwXoBh63YGh$lr0mjaNG3PxZlJiGi2l/Q3ezWYCg2vkMejsjHJiCfVE=','2022-12-05 10:26:45.590082',0,'test','','','test@test.ru',0,1,'2022-12-04 20:59:03.156441','CL',0,3);
INSERT INTO account_user VALUES(4,'pbkdf2_sha256$390000$pjGDzan43ieehBVtm3WuRz$HOX4HLtPEGYsEuMkQ/4lerHqaV08gwhdTuAhFzUzqZ4=','2022-12-04 21:28:26.092016',0,'test2','','','test2@test2.ru',0,1,'2022-12-04 21:28:25.738458','CL',0,4);
CREATE TABLE IF NOT EXISTS "django_admin_log" ("id" integer NOT NULL PRIMARY KEY AUTOINCREMENT, "object_id" text NULL, "object_repr" varchar(200) NOT NULL, "action_flag" smallint unsigned NOT NULL CHECK ("action_flag" >= 0), "change_message" text NOT NULL, "content_type_id" integer NULL REFERENCES "django_content_type" ("id") DEFERRABLE INITIALLY DEFERRED, "user_id" bigint NOT NULL REFERENCES "account_user" ("id") DEFERRABLE INITIALLY DEFERRED, "action_time" datetime NOT NULL);
INSERT INTO django_admin_log VALUES(1,'11','Баскетбольный мяч',1,'[{"added": {}}]',9,1,'2022-12-04 17:28:55.748066');
INSERT INTO django_admin_log VALUES(2,'1','Москва',1,'[{"added": {}}]',10,1,'2022-12-04 17:40:30.210477');
INSERT INTO django_admin_log VALUES(3,'1','Балашиха №1',1,'[{"added": {}}]',7,1,'2022-12-04 17:41:11.460595');
INSERT INTO django_admin_log VALUES(4,'2','Екатеринбург',1,'[{"added": {}}]',10,1,'2022-12-04 17:49:21.008777');
INSERT INTO django_admin_log VALUES(5,'2','Сургут №1',1,'[{"added": {}}]',7,1,'2022-12-04 17:50:07.377640');
INSERT INTO django_admin_log VALUES(6,'3','Вашингтон',1,'[{"added": {}}]',10,1,'2022-12-04 17:55:05.318040');
INSERT INTO django_admin_log VALUES(7,'3','Нью-Йорк №1',1,'[{"added": {}}]',7,1,'2022-12-04 17:55:58.827498');
INSERT INTO django_admin_log VALUES(8,'4','Балашиха №2',1,'[{"added": {}}]',7,1,'2022-12-04 17:59:06.149806');
INSERT INTO django_admin_log VALUES(9,'1','admin',2,'[{"changed": {"fields": ["Is user allow to dashboard"]}}]',6,1,'2022-12-04 19:13:49.630323');
INSERT INTO django_admin_log VALUES(10,'2','',3,'',6,1,'2022-12-04 19:13:55.589648');
CREATE TABLE IF NOT EXISTS "django_session" ("session_key" varchar(40) NOT NULL PRIMARY KEY, "session_data" text NOT NULL, "expire_date" datetime NOT NULL);
INSERT INTO django_session VALUES('d5smslcilmbv167x9fcayozjwifvqx13','.eJxVjEEOgjAQRe_StWlahiLj0j1naKadGUENTSisjHdXEha6_e-9_zKRtnWMW5UlTmwuBszpd0uUHzLvgO8034rNZV6XKdldsQetdigsz-vh_h2MVMdvjeeE3BIigEImbRvGxgFqL6zS5q7TzM47hNQHL4LKQRz0Xkk1kDfvD_eUOKs:1p28gP:bfLjxGIqcWXp7eDU9HHOZG72eDpctpFWgLEIH7rrb0o','2022-12-19 10:26:45.669986');
DELETE FROM sqlite_sequence;
INSERT INTO sqlite_sequence VALUES('django_migrations',31);
INSERT INTO sqlite_sequence VALUES('good_good',11);
INSERT INTO sqlite_sequence VALUES('django_content_type',10);
INSERT INTO sqlite_sequence VALUES('auth_permission',40);
INSERT INTO sqlite_sequence VALUES('auth_group',0);
INSERT INTO sqlite_sequence VALUES('store_store',4);
INSERT INTO sqlite_sequence VALUES('account_user',4);
INSERT INTO sqlite_sequence VALUES('django_admin_log',10);
INSERT INTO sqlite_sequence VALUES('storage_storage',3);
INSERT INTO sqlite_sequence VALUES('store_history',7);
CREATE UNIQUE INDEX "django_content_type_app_label_model_76bd3d3b_uniq" ON "django_content_type" ("app_label", "model");
CREATE UNIQUE INDEX "auth_group_permissions_group_id_permission_id_0cd325b0_uniq" ON "auth_group_permissions" ("group_id", "permission_id");
CREATE INDEX "auth_group_permissions_group_id_b120cbf9" ON "auth_group_permissions" ("group_id");
CREATE INDEX "auth_group_permissions_permission_id_84c5c92e" ON "auth_group_permissions" ("permission_id");
CREATE UNIQUE INDEX "auth_permission_content_type_id_codename_01ab375a_uniq" ON "auth_permission" ("content_type_id", "codename");
CREATE INDEX "auth_permission_content_type_id_2f476e4b" ON "auth_permission" ("content_type_id");
CREATE UNIQUE INDEX "account_user_groups_user_id_group_id_4d09af3e_uniq" ON "account_user_groups" ("user_id", "group_id");
CREATE INDEX "account_user_groups_user_id_14345e7b" ON "account_user_groups" ("user_id");
CREATE INDEX "account_user_groups_group_id_6c71f749" ON "account_user_groups" ("group_id");
CREATE UNIQUE INDEX "account_user_user_permissions_user_id_permission_id_48bdd28b_uniq" ON "account_user_user_permissions" ("user_id", "permission_id");
CREATE INDEX "account_user_user_permissions_user_id_cc42d270" ON "account_user_user_permissions" ("user_id");
CREATE INDEX "account_user_user_permissions_permission_id_66c44191" ON "account_user_user_permissions" ("permission_id");
CREATE INDEX "store_history_good_id_dedae11f" ON "store_history" ("good_id");
CREATE INDEX "store_history_store_id_8bf3de5d" ON "store_history" ("store_id");
CREATE INDEX "store_history_user_id_ea8775b9" ON "store_history" ("user_id");
CREATE INDEX "store_store_storage_id_7479de2b" ON "store_store" ("storage_id");
CREATE UNIQUE INDEX "store_store_full_address_0f81ac87_uniq" ON "store_store" ("full_address");
CREATE INDEX "account_user_accepted_store_id_fb097609" ON "account_user" ("accepted_store_id");
CREATE INDEX "django_admin_log_content_type_id_c4bce8eb" ON "django_admin_log" ("content_type_id");
CREATE INDEX "django_admin_log_user_id_c564eba6" ON "django_admin_log" ("user_id");
CREATE INDEX "django_session_expire_date_a5c62663" ON "django_session" ("expire_date");
COMMIT;
CREATE TABLE IF NOT EXISTS "django_migrations" ("id" integer NOT NULL PRIMARY KEY AUTOINCREMENT, "app" varchar(255) NOT NULL, "name" varchar(255) NOT NULL, "applied" datetime NOT NULL);
CREATE TABLE sqlite_sequence(name,seq);
CREATE TABLE IF NOT EXISTS "storage_storage" ("id" integer NOT NULL PRIMARY KEY AUTOINCREMENT, "shortcut" varchar(20) NOT NULL, "full_address" varchar(100) NOT NULL);
CREATE TABLE IF NOT EXISTS "good_good" ("id" integer NOT NULL PRIMARY KEY AUTOINCREMENT, "artikul" integer unsigned NULL UNIQUE CHECK ("artikul" >= 0), "title" varchar(20) NOT NULL, "description" text NOT NULL, "price" integer unsigned NOT NULL CHECK ("price" >= 0), "image_link" varchar(200) NOT NULL, "buy_amount" integer unsigned NULL CHECK ("buy_amount" >= 0));
CREATE TABLE IF NOT EXISTS "django_content_type" ("id" integer NOT NULL PRIMARY KEY AUTOINCREMENT, "app_label" varchar(100) NOT NULL, "model" varchar(100) NOT NULL);
CREATE UNIQUE INDEX "django_content_type_app_label_model_76bd3d3b_uniq" ON "django_content_type" ("app_label", "model");
CREATE TABLE IF NOT EXISTS "auth_group_permissions" ("id" integer NOT NULL PRIMARY KEY AUTOINCREMENT, "group_id" integer NOT NULL REFERENCES "auth_group" ("id") DEFERRABLE INITIALLY DEFERRED, "permission_id" integer NOT NULL REFERENCES "auth_permission" ("id") DEFERRABLE INITIALLY DEFERRED);
CREATE UNIQUE INDEX "auth_group_permissions_group_id_permission_id_0cd325b0_uniq" ON "auth_group_permissions" ("group_id", "permission_id");
CREATE INDEX "auth_group_permissions_group_id_b120cbf9" ON "auth_group_permissions" ("group_id");
CREATE INDEX "auth_group_permissions_permission_id_84c5c92e" ON "auth_group_permissions" ("permission_id");
CREATE TABLE IF NOT EXISTS "auth_permission" ("id" integer NOT NULL PRIMARY KEY AUTOINCREMENT, "content_type_id" integer NOT NULL REFERENCES "django_content_type" ("id") DEFERRABLE INITIALLY DEFERRED, "codename" varchar(100) NOT NULL, "name" varchar(255) NOT NULL);
CREATE UNIQUE INDEX "auth_permission_content_type_id_codename_01ab375a_uniq" ON "auth_permission" ("content_type_id", "codename");
CREATE INDEX "auth_permission_content_type_id_2f476e4b" ON "auth_permission" ("content_type_id");
CREATE TABLE IF NOT EXISTS "auth_group" ("id" integer NOT NULL PRIMARY KEY AUTOINCREMENT, "name" varchar(150) NOT NULL UNIQUE);
CREATE TABLE IF NOT EXISTS "account_user_groups" ("id" integer NOT NULL PRIMARY KEY AUTOINCREMENT, "user_id" bigint NOT NULL REFERENCES "account_user" ("id") DEFERRABLE INITIALLY DEFERRED, "group_id" integer NOT NULL REFERENCES "auth_group" ("id") DEFERRABLE INITIALLY DEFERRED);
CREATE TABLE IF NOT EXISTS "account_user_user_permissions" ("id" integer NOT NULL PRIMARY KEY AUTOINCREMENT, "user_id" bigint NOT NULL REFERENCES "account_user" ("id") DEFERRABLE INITIALLY DEFERRED, "permission_id" integer NOT NULL REFERENCES "auth_permission" ("id") DEFERRABLE INITIALLY DEFERRED);
CREATE UNIQUE INDEX "account_user_groups_user_id_group_id_4d09af3e_uniq" ON "account_user_groups" ("user_id", "group_id");
CREATE INDEX "account_user_groups_user_id_14345e7b" ON "account_user_groups" ("user_id");
CREATE INDEX "account_user_groups_group_id_6c71f749" ON "account_user_groups" ("group_id");
CREATE UNIQUE INDEX "account_user_user_permissions_user_id_permission_id_48bdd28b_uniq" ON "account_user_user_permissions" ("user_id", "permission_id");
CREATE INDEX "account_user_user_permissions_user_id_cc42d270" ON "account_user_user_permissions" ("user_id");
CREATE INDEX "account_user_user_permissions_permission_id_66c44191" ON "account_user_user_permissions" ("permission_id");
CREATE TABLE IF NOT EXISTS "store_history" ("id" integer NOT NULL PRIMARY KEY AUTOINCREMENT, "date" datetime NOT NULL, "good_id" bigint NULL REFERENCES "good_good" ("id") DEFERRABLE INITIALLY DEFERRED, "store_id" bigint NULL REFERENCES "store_store" ("id") DEFERRABLE INITIALLY DEFERRED, "user_id" bigint NULL REFERENCES "account_user" ("id") DEFERRABLE INITIALLY DEFERRED);
CREATE INDEX "store_history_good_id_dedae11f" ON "store_history" ("good_id");
CREATE INDEX "store_history_store_id_8bf3de5d" ON "store_history" ("store_id");
CREATE INDEX "store_history_user_id_ea8775b9" ON "store_history" ("user_id");
CREATE TABLE IF NOT EXISTS "store_store" ("id" integer NOT NULL PRIMARY KEY AUTOINCREMENT, "city" varchar(50) NOT NULL, "description" text NOT NULL, "storage_id" bigint NULL REFERENCES "storage_storage" ("id") DEFERRABLE INITIALLY DEFERRED, "full_address" varchar(200) NOT NULL UNIQUE);
CREATE INDEX "store_store_storage_id_7479de2b" ON "store_store" ("storage_id");
CREATE UNIQUE INDEX "store_store_full_address_0f81ac87_uniq" ON "store_store" ("full_address");
CREATE TABLE IF NOT EXISTS "account_user" ("id" integer NOT NULL PRIMARY KEY AUTOINCREMENT, "password" varchar(128) NOT NULL, "last_login" datetime NULL, "is_superuser" bool NOT NULL, "username" varchar(150) NOT NULL UNIQUE, "first_name" varchar(150) NOT NULL, "last_name" varchar(150) NOT NULL, "email" varchar(254) NOT NULL, "is_staff" bool NOT NULL, "is_active" bool NOT NULL, "date_joined" datetime NOT NULL, "role" varchar(2) NOT NULL, "is_user_allow_to_dashboard" bool NOT NULL, "accepted_store_id" bigint NULL REFERENCES "store_store" ("id") DEFERRABLE INITIALLY DEFERRED);
CREATE INDEX "account_user_accepted_store_id_fb097609" ON "account_user" ("accepted_store_id");
CREATE TABLE IF NOT EXISTS "django_admin_log" ("id" integer NOT NULL PRIMARY KEY AUTOINCREMENT, "object_id" text NULL, "object_repr" varchar(200) NOT NULL, "action_flag" smallint unsigned NOT NULL CHECK ("action_flag" >= 0), "change_message" text NOT NULL, "content_type_id" integer NULL REFERENCES "django_content_type" ("id") DEFERRABLE INITIALLY DEFERRED, "user_id" bigint NOT NULL REFERENCES "account_user" ("id") DEFERRABLE INITIALLY DEFERRED, "action_time" datetime NOT NULL);
CREATE INDEX "django_admin_log_content_type_id_c4bce8eb" ON "django_admin_log" ("content_type_id");
CREATE INDEX "django_admin_log_user_id_c564eba6" ON "django_admin_log" ("user_id");
CREATE TABLE IF NOT EXISTS "django_session" ("session_key" varchar(40) NOT NULL PRIMARY KEY, "session_data" text NOT NULL, "expire_date" datetime NOT NULL);
CREATE INDEX "django_session_expire_date_a5c62663" ON "django_session" ("expire_date");
